﻿--
-- Script was generated by Devart dbForge Studio for MySQL, Version 8.0.40.0
-- Product home page: http://www.devart.com/dbforge/mysql/studio
-- Script date 09/11/2023 20:10:20
-- Server version: 5.5.5-10.1.40-MariaDB
-- Client version: 4.1
--

-- 
-- Disable foreign keys
-- 
/*!40014 SET @OLD_FOREIGN_KEY_CHECKS=@@FOREIGN_KEY_CHECKS, FOREIGN_KEY_CHECKS=0 */;

-- 
-- Set SQL mode
-- 
/*!40101 SET @OLD_SQL_MODE=@@SQL_MODE, SQL_MODE='NO_AUTO_VALUE_ON_ZERO' */;

-- 
-- Set character set the client will use to send SQL statements to the server
--
SET NAMES 'utf8';

DROP DATABASE IF EXISTS gandara;

CREATE DATABASE gandara
CHARACTER SET latin1
COLLATE latin1_swedish_ci;

--
-- Set default database
--
USE gandara;

--
-- Create table `habitaciones`
--
CREATE TABLE habitaciones (
  id int(11) NOT NULL AUTO_INCREMENT,
  numeroHabitacion int(11) DEFAULT NULL,
  estadoPuerta tinyint(1) DEFAULT NULL,
  PRIMARY KEY (id)
)
ENGINE = INNODB,
AUTO_INCREMENT = 14,
AVG_ROW_LENGTH = 1260,
CHARACTER SET latin1,
COLLATE latin1_swedish_ci;

--
-- Create index `uk_numero_habitaciones` on table `habitaciones`
--
ALTER TABLE habitaciones
ADD UNIQUE INDEX uk_numero_habitaciones (numeroHabitacion);

--
-- Create table `pacientes`
--
CREATE TABLE pacientes (
  id int(11) NOT NULL AUTO_INCREMENT,
  numeroHistoria int(11) DEFAULT NULL,
  fechaNacimiento date DEFAULT NULL,
  nombreCompleto varchar(500) DEFAULT NULL,
  PRIMARY KEY (id)
)
ENGINE = INNODB,
AUTO_INCREMENT = 31,
AVG_ROW_LENGTH = 546,
CHARACTER SET latin1,
COLLATE latin1_swedish_ci;

--
-- Create table `revisiones`
--
CREATE TABLE revisiones (
  id int(11) NOT NULL AUTO_INCREMENT,
  manos tinyint(1) DEFAULT NULL,
  pies tinyint(1) DEFAULT NULL,
  idPacientes int(11) DEFAULT NULL,
  fechaManos date DEFAULT NULL,
  fechaPies date DEFAULT NULL,
  observacion varchar(500) DEFAULT NULL,
  PRIMARY KEY (id)
)
ENGINE = INNODB,
AUTO_INCREMENT = 31,
AVG_ROW_LENGTH = 546,
CHARACTER SET latin1,
COLLATE latin1_swedish_ci;

--
-- Create foreign key
--
ALTER TABLE revisiones
ADD CONSTRAINT fk_revisiones_auxiliares FOREIGN KEY (idPacientes)
REFERENCES pacientes (id);

--
-- Create table `menstruaciones`
--
CREATE TABLE menstruaciones (
  id int(11) NOT NULL AUTO_INCREMENT,
  positivo tinyint(1) DEFAULT NULL,
  fecha date DEFAULT NULL,
  idPacientes int(11) DEFAULT NULL,
  PRIMARY KEY (id)
)
ENGINE = INNODB,
AUTO_INCREMENT = 31,
AVG_ROW_LENGTH = 546,
CHARACTER SET latin1,
COLLATE latin1_swedish_ci;

--
-- Create foreign key
--
ALTER TABLE menstruaciones
ADD CONSTRAINT fk_menstruaciones_pacientes FOREIGN KEY (idPacientes)
REFERENCES pacientes (id);

--
-- Create table `deposiciones`
--
CREATE TABLE deposiciones (
  id int(11) NOT NULL AUTO_INCREMENT,
  turno varchar(500) DEFAULT NULL,
  fecha date DEFAULT NULL,
  positivo tinyint(1) DEFAULT NULL,
  idPacientes int(11) DEFAULT NULL,
  PRIMARY KEY (id)
)
ENGINE = INNODB,
AUTO_INCREMENT = 31,
AVG_ROW_LENGTH = 546,
CHARACTER SET latin1,
COLLATE latin1_swedish_ci;

--
-- Create foreign key
--
ALTER TABLE deposiciones
ADD CONSTRAINT fk_deposiciones_pacientes FOREIGN KEY (idPacientes)
REFERENCES pacientes (id);

--
-- Create table `camas`
--
CREATE TABLE camas (
  id int(11) NOT NULL AUTO_INCREMENT,
  letraCama char(1) DEFAULT NULL,
  numHabitacion int(11) DEFAULT NULL,
  ocupacion tinyint(1) DEFAULT NULL,
  idPacientes int(11) DEFAULT NULL,
  PRIMARY KEY (id)
)
ENGINE = INNODB,
AUTO_INCREMENT = 31,
AVG_ROW_LENGTH = 546,
CHARACTER SET latin1,
COLLATE latin1_swedish_ci;

--
-- Create index `uk_camas_habitaciones` on table `camas`
--
ALTER TABLE camas
ADD UNIQUE INDEX uk_camas_habitaciones (letraCama, numHabitacion);

--
-- Create index `uk_camas_pacientes2` on table `camas`
--
ALTER TABLE camas
ADD UNIQUE INDEX uk_camas_pacientes2 (idPacientes);

--
-- Create foreign key
--
ALTER TABLE camas
ADD CONSTRAINT fk_camas_habitaciones FOREIGN KEY (numHabitacion)
REFERENCES habitaciones (id);

--
-- Create foreign key
--
ALTER TABLE camas
ADD CONSTRAINT fk_camas_pacientes FOREIGN KEY (idPacientes)
REFERENCES pacientes (id);

--
-- Create table `auxiliares`
--
CREATE TABLE auxiliares (
  id int(11) NOT NULL AUTO_INCREMENT,
  nombreAuxiliar varchar(500) DEFAULT NULL,
  PRIMARY KEY (id)
)
ENGINE = INNODB,
AUTO_INCREMENT = 31,
AVG_ROW_LENGTH = 546,
CHARACTER SET latin1,
COLLATE latin1_swedish_ci;

--
-- Create table `telefonos`
--
CREATE TABLE telefonos (
  id int(11) NOT NULL AUTO_INCREMENT,
  idAuxiliares int(11) DEFAULT NULL,
  telefono varchar(500) DEFAULT NULL,
  PRIMARY KEY (id)
)
ENGINE = INNODB,
AUTO_INCREMENT = 31,
AVG_ROW_LENGTH = 546,
CHARACTER SET latin1,
COLLATE latin1_swedish_ci;

--
-- Create index `uk_auxiliares_telefonos` on table `telefonos`
--
ALTER TABLE telefonos
ADD UNIQUE INDEX uk_auxiliares_telefonos (idAuxiliares, telefono);

--
-- Create foreign key
--
ALTER TABLE telefonos
ADD CONSTRAINT fk_auxiliares2_telefonos2 FOREIGN KEY (idAuxiliares)
REFERENCES auxiliares (id);

--
-- Create table `horas`
--
CREATE TABLE horas (
  id int(11) NOT NULL AUTO_INCREMENT,
  fecha date DEFAULT NULL,
  cantidadHoras int(11) DEFAULT NULL,
  idAuxiliares int(11) DEFAULT NULL,
  PRIMARY KEY (id)
)
ENGINE = INNODB,
AUTO_INCREMENT = 31,
AVG_ROW_LENGTH = 546,
CHARACTER SET latin1,
COLLATE latin1_swedish_ci;

--
-- Create foreign key
--
ALTER TABLE horas
ADD CONSTRAINT fk_auxiliares5_horas FOREIGN KEY (idAuxiliares)
REFERENCES auxiliares (id);

--
-- Create table `atenciones`
--
CREATE TABLE atenciones (
  id int(11) NOT NULL AUTO_INCREMENT,
  idPacientes int(11) DEFAULT NULL,
  idAuxiliares int(11) DEFAULT NULL,
  PRIMARY KEY (id)
)
ENGINE = INNODB,
AUTO_INCREMENT = 31,
AVG_ROW_LENGTH = 546,
CHARACTER SET latin1,
COLLATE latin1_swedish_ci;

--
-- Create index `uk_pacientes_auxiliares` on table `atenciones`
--
ALTER TABLE atenciones
ADD UNIQUE INDEX uk_pacientes_auxiliares (idPacientes, idAuxiliares);

--
-- Create foreign key
--
ALTER TABLE atenciones
ADD CONSTRAINT fk_auxiliares2_atenciones3 FOREIGN KEY (idAuxiliares)
REFERENCES auxiliares (id);

--
-- Create foreign key
--
ALTER TABLE atenciones
ADD CONSTRAINT fk_pacientes1_atenciones2 FOREIGN KEY (idPacientes)
REFERENCES pacientes (id);

--
-- Create table `asuntos`
--
CREATE TABLE asuntos (
  id int(11) NOT NULL AUTO_INCREMENT,
  fecha date DEFAULT NULL,
  cantidadAsuntos int(11) DEFAULT NULL,
  idAuxiliares int(11) DEFAULT NULL,
  PRIMARY KEY (id)
)
ENGINE = INNODB,
AUTO_INCREMENT = 31,
AVG_ROW_LENGTH = 546,
CHARACTER SET latin1,
COLLATE latin1_swedish_ci;

--
-- Create foreign key
--
ALTER TABLE asuntos
ADD CONSTRAINT fk_auxiliares6_asuntos FOREIGN KEY (idAuxiliares)
REFERENCES auxiliares (id);

-- 
-- Dumping data for table habitaciones
--
INSERT INTO habitaciones VALUES
(1, 604, 1),
(2, 600, 1),
(3, 602, 1),
(4, 610, 1),
(5, 607, 1),
(6, 601, 1),
(7, 612, 0),
(8, 606, 0),
(9, 609, 1),
(10, 611, 0),
(11, 608, 0),
(12, 603, 1),
(13, 605, 0);

-- 
-- Dumping data for table pacientes
--
INSERT INTO pacientes VALUES
(1, 2763, '1986-04-13', 'Arthur Glover'),
(2, 569, '1971-07-24', 'Takisha Hagan'),
(3, 6614, '1978-07-03', 'Judi Herron'),
(4, 9301, '2003-04-14', 'Lottie Almanza'),
(5, 5247, '1984-05-14', 'Juliet Bordelon'),
(6, 5, '1970-01-06', 'Arturo Cole'),
(7, 5884, '1982-05-29', 'Asuncion Candelaria'),
(8, 5778, '1985-10-27', 'Moshe Wilkinson'),
(9, 1000, '1975-05-30', 'Gaylord Whitworth'),
(10, 6268, '1970-01-01', 'Emery Cochran'),
(11, 8573, '2003-05-15', 'Bernardine Loomis'),
(12, 127, '1993-12-07', 'Abby Abernathy'),
(13, 2710, '1984-12-11', 'Carmel Crain'),
(14, 5596, '1984-03-09', 'Roxanne Boothe'),
(15, 202, '1983-10-11', 'Anthony Boyd'),
(16, 3, '1997-10-07', 'Santos Cowles'),
(17, 62, NULL, NULL),
(18, 3260, NULL, NULL),
(19, 2049, '1981-07-18', 'Tegan Hamer'),
(20, 7808, '2003-11-24', 'Cornell Sibley'),
(21, 608, '1984-05-21', 'Concepcion Yanez'),
(22, 2331, '1991-05-19', 'Isaac Irwin'),
(23, 8908, '1971-09-01', 'Alice Desantis'),
(24, 78, '1981-02-02', 'Adelaida Alvarez'),
(25, 6732, '1972-11-13', 'Lang Byrnes'),
(26, 4859, '1970-03-20', 'Barrett Solomon'),
(27, 380, '1980-08-19', 'Dusty Serrano'),
(28, 842, '1985-11-16', 'Verla Wenger'),
(29, 2460, '1974-04-09', 'Loren Bader'),
(30, 1992, NULL, NULL);

-- 
-- Dumping data for table auxiliares
--
INSERT INTO auxiliares VALUES
(1, 'Ted Glover'),
(2, 'Hung Crum'),
(3, 'Allie Cuellar'),
(4, 'Rico Shackelford'),
(5, 'Lanie Calderon'),
(6, 'Marylee Shelton'),
(7, 'Cleo Bullard'),
(8, 'Duane Fraley'),
(9, 'Roderick Rodgers'),
(10, 'Hollis Medley'),
(11, 'Franklin Delong'),
(12, 'Mozelle Montague'),
(13, 'Cole Bunting'),
(14, 'Annette Macklin'),
(15, 'Bobbie Moe'),
(16, 'Tyson Baker'),
(17, 'Cassi Lemke'),
(18, 'Kiana Sammons'),
(19, 'Melvina Mesa'),
(20, 'Adelia Kincaid'),
(21, 'Bennie Barbour'),
(22, 'Amber Dobbs'),
(23, 'Shanti Macdonald'),
(24, 'Gordon Haggard'),
(25, 'Amparo Neeley'),
(26, 'Granville Allman'),
(27, 'Ignacia Estrella'),
(28, 'Tommy Finley'),
(29, 'Mckinley Gunter'),
(30, 'Zachary Salgado');

-- 
-- Dumping data for table telefonos
--
INSERT INTO telefonos VALUES
(11, 1, '07419072342'),
(21, 2, '07624849746'),
(7, 3, '07802812488'),
(9, 4, '07963985832'),
(19, 5, '07598751687'),
(23, 6, '07624538892'),
(8, 7, '07624219175'),
(12, 8, '07715141881'),
(18, 9, NULL),
(5, 10, '07624462093'),
(10, 11, '07984148282'),
(17, 12, '07560014619'),
(3, 13, '07624459139'),
(6, 14, '07539987344'),
(27, 15, '07501883292'),
(30, 16, '07624876760'),
(4, 17, '07528760255'),
(25, 18, '07870246074'),
(28, 19, '07400439727'),
(2, 20, '07841640033'),
(20, 21, '07624739461'),
(29, 22, '07624013330'),
(15, 23, '07624953638'),
(22, 24, '07624037704'),
(26, 25, '07624033117'),
(14, 26, '07624139565'),
(16, 27, '07624823073'),
(24, 28, '07624165189'),
(1, 29, '07624376012'),
(13, 30, '07546091013');

-- 
-- Dumping data for table revisiones
--
INSERT INTO revisiones VALUES
(1, 1, 0, 3, '2023-12-18', '2023-12-14', 'No se puede cortar las uñas por estar el paciente nervioso.'),
(2, 0, 1, 8, '2023-12-31', '2023-12-30', 'Necesita ser visto por el podólogo.'),
(3, 0, 1, 20, '2023-12-02', '2023-12-28', 'Uñero en dedo de pie izquierdo.'),
(4, 0, 0, 5, '2023-12-05', '2023-12-29', 'Se muerde las uñas y las tiene en carne viva.'),
(5, 0, 0, 28, '2023-12-06', '2023-12-17', 'Callo en talón de pie derecho.'),
(6, 0, 0, 26, '2023-12-23', '2023-12-25', 'Callo en talón de pie derecho.'),
(7, 1, 0, 29, '2023-12-11', '2023-12-26', 'No se puede cortar las uñas por estar el paciente nervioso.'),
(8, 1, 0, 27, '2023-12-27', '2023-12-11', 'Uñero en dedo de pie izquierdo.'),
(9, 0, 0, 19, '2023-12-29', '2023-12-26', 'Se muerde las uñas y las tiene en carne viva.'),
(10, 1, 0, 7, '2023-12-02', '2023-12-06', 'Necesita ser visto por el podólogo.'),
(11, 0, 1, 10, '2023-12-25', '2023-12-16', 'Necesita ser visto por el podólogo.'),
(12, 1, 1, 3, '2023-12-22', '2023-12-03', 'Callo en talón de pie derecho.'),
(13, 1, 0, 17, '2023-12-03', '2023-12-16', 'No se puede cortar las uñas por estar el paciente nervioso.'),
(14, 0, 1, 18, '2023-12-20', '2023-12-24', 'Uñero en dedo de pie izquierdo.'),
(15, 0, 1, 1, '2023-12-24', '2023-12-17', 'Se muerde las uñas y las tiene en carne viva.'),
(16, 0, 1, 23, '2023-12-28', '2023-12-28', 'Necesita ser visto por el podólogo.'),
(17, 0, 1, 5, '2023-12-11', '2023-12-20', 'Callo en talón de pie derecho.'),
(18, 0, 1, 14, '2023-12-24', '2023-12-15', 'Se muerde las uñas y las tiene en carne viva.'),
(19, 1, 1, 18, '2023-12-11', '2023-12-05', 'No se puede cortar las uñas por estar el paciente nervioso.'),
(20, 0, 1, 8, '2023-12-30', '2023-12-06', 'Uñero en dedo de pie izquierdo.'),
(21, 0, 0, 16, '2023-12-05', '2023-12-22', 'Necesita ser visto por el podólogo.'),
(22, 1, 0, 16, '2023-12-08', '2023-12-09', 'Se muerde las uñas y las tiene en carne viva.'),
(23, 1, 0, 1, '2023-12-27', '2023-12-05', 'No se puede cortar las uñas por estar el paciente nervioso.'),
(24, 0, 1, 30, '2023-12-05', '2023-12-22', 'Callo en talón de pie derecho.'),
(25, 1, 1, 9, '2023-12-07', '2023-12-12', 'Uñero en dedo de pie izquierdo.'),
(26, 0, 1, 27, '2023-12-15', '2023-12-05', 'Callo en talón de pie derecho.'),
(27, 0, 0, 7, '2023-12-30', '2023-12-18', 'Necesita ser visto por el podólogo.'),
(28, 1, 0, 2, '2023-12-19', '2023-12-22', 'No se puede cortar las uñas por estar el paciente nervioso.'),
(29, 1, 0, 1, '2023-12-08', '2023-12-14', 'Uñero en dedo de pie izquierdo.'),
(30, 1, 1, 27, '2023-12-27', '2023-12-11', 'Se muerde las uñas y las tiene en carne viva.');

-- 
-- Dumping data for table menstruaciones
--
INSERT INTO menstruaciones VALUES
(1, 0, '2023-12-02', 25),
(2, 1, '2023-12-02', 2),
(3, 1, '2023-12-13', 3),
(4, 1, '2023-12-03', 6),
(5, 0, '2023-12-21', 2),
(6, 1, '2023-12-26', 18),
(7, 1, '2023-12-28', 25),
(8, 1, '2023-12-03', 15),
(9, 1, '2023-12-04', 11),
(10, 0, '2023-12-30', 1),
(11, 1, '2023-12-24', 15),
(12, 0, '2023-12-11', 15),
(13, 0, '2023-12-12', 5),
(14, 0, '2023-12-16', 22),
(15, 1, '2023-12-08', 22),
(16, 0, '2023-12-09', 23),
(17, 0, '2023-12-16', 29),
(18, 1, '2023-12-08', 22),
(19, 1, '2023-12-31', 5),
(20, 0, '2023-12-08', 9),
(21, 1, '2023-12-01', 2),
(22, 0, '2023-12-04', 3),
(23, 1, '2023-12-23', 28),
(24, 1, '2023-12-14', 28),
(25, 0, '2023-12-08', 2),
(26, 1, NULL, 5),
(27, 1, '2023-12-03', 5),
(28, 1, '2023-12-13', 25),
(29, 0, NULL, 7),
(30, 0, NULL, 26);

-- 
-- Dumping data for table horas
--
INSERT INTO horas VALUES
(1, '2023-12-21', 1, 20),
(2, '2023-12-30', 2, 10),
(3, '2023-12-21', 3, 1),
(4, '2023-12-22', 4, 8),
(5, '2023-12-19', 1, 25),
(6, '2023-12-18', 2, 25),
(7, '2023-12-05', 3, 7),
(8, '2023-12-21', 4, 5),
(9, '2023-12-13', 1, 29),
(10, '2023-12-05', 2, 14),
(11, '2023-12-03', 3, 21),
(12, '2023-12-18', 4, 26),
(13, '2023-12-22', 1, 23),
(14, '2023-12-13', 2, 21),
(15, '2023-12-06', 3, 11),
(16, '2023-12-20', 4, 21),
(17, '2023-12-11', 1, 1),
(18, '2023-12-27', 2, 2),
(19, '2023-12-19', 3, 20),
(20, '2023-12-02', 4, 12),
(21, '2023-12-16', 1, 18),
(22, '2023-12-07', 2, 21),
(23, '2023-12-30', 3, 8),
(24, '2023-12-20', 4, 24),
(25, '2023-12-31', 1, 7),
(26, '2023-12-08', 2, 14),
(27, '2023-12-19', 3, 24),
(28, '2023-12-14', 4, 16),
(29, '2023-12-29', 1, 29),
(30, '2023-12-06', 2, 27);

-- 
-- Dumping data for table deposiciones
--
INSERT INTO deposiciones VALUES
(1, 'Tarde', '2023-12-09', 0, 13),
(2, 'Mañana', '2023-12-28', 1, 19),
(3, 'Noche', '2023-12-07', 1, 22),
(4, 'Mañana', '2023-12-19', 1, 8),
(5, 'Noche', '2023-12-21', 0, 12),
(6, 'Tarde', '2023-12-12', 0, 3),
(7, 'Tarde', '2023-12-11', 1, 4),
(8, 'Mañana', '2023-12-06', 1, 4),
(9, 'Noche', '2023-12-30', 0, 19),
(10, 'Tarde', '2023-12-20', 1, 21),
(11, 'Mañana', '2023-12-30', 1, 28),
(12, 'Noche', '2023-12-28', 0, 6),
(13, 'Mañana', '2023-12-09', 1, 27),
(14, 'Noche', '2023-12-09', 0, 6),
(15, 'Tarde', '2023-12-03', 0, 20),
(16, 'Mañana', '2023-12-28', 1, 9),
(17, 'Tarde', '2023-12-10', 1, 29),
(18, 'Noche', '2023-12-14', 0, 14),
(19, 'Mañana', '2023-12-11', 0, 21),
(20, 'Tarde', '2023-12-16', 1, 12),
(21, 'Noche', '2023-12-09', 0, 1),
(22, 'Noche', '2023-12-05', 0, 23),
(23, 'Mañana', '2023-12-15', 1, 5),
(24, 'Tarde', '2023-12-20', 0, 4),
(25, 'Mañana', '2023-12-05', 1, 12),
(26, 'Tarde', '2023-12-03', 0, 7),
(27, 'Noche', '2023-12-09', 0, 24),
(28, 'Noche', '2023-12-22', 0, 24),
(29, 'Tarde', '2023-12-26', 0, 5),
(30, 'Mañana', '2023-12-11', 0, 12);

-- 
-- Dumping data for table camas
--
INSERT INTO camas VALUES
(1, 'B', 11, 1, 3),
(2, 'B', 8, 1, 7),
(3, 'C', 5, 1, 4),
(4, 'B', 7, 1, 1),
(5, 'C', 4, 1, 29),
(6, 'B', 6, 1, 5),
(7, 'A', 3, 1, 22),
(8, 'C', 3, 1, 30),
(9, 'C', 2, 1, 26),
(10, 'B', 5, 1, NULL),
(11, 'C', 1, 1, 6),
(12, 'B', 4, 1, 19),
(13, 'A', 12, 1, 16),
(14, 'B', 10, 1, 20),
(15, 'B', 9, 1, 23),
(16, 'A', 11, 1, 8),
(17, 'A', 6, 1, 27),
(18, 'A', 5, 1, 24),
(19, 'B', 3, 1, 28),
(20, 'A', 9, 1, 17),
(21, 'B', 2, NULL, 25),
(22, 'A', 10, 1, 12),
(23, 'A', 4, 1, 21),
(24, 'C', 10, 1, 9),
(25, 'A', 8, 1, 18),
(26, 'C', 9, 1, 13),
(27, 'A', 7, 1, 10),
(28, 'C', 7, 1, 14),
(29, 'C', 8, NULL, 11),
(30, 'C', 6, NULL, 15);

-- 
-- Dumping data for table atenciones
--
INSERT INTO atenciones VALUES
(11, 1, 1),
(21, 2, 2),
(7, 3, 3),
(9, 4, 4),
(19, 5, 5),
(23, 6, 6),
(8, 7, 7),
(12, 8, 8),
(18, 9, 9),
(5, 10, 10),
(10, 11, 11),
(17, 12, 12),
(3, 13, 13),
(6, 14, 14),
(27, 15, 15),
(30, 16, 16),
(4, 17, 17),
(25, 18, 18),
(28, 19, 19),
(2, 20, 20),
(20, 21, 21),
(29, 22, 22),
(15, 23, 23),
(22, 24, 24),
(26, 25, 25),
(14, 26, 26),
(16, 27, 27),
(24, 28, 28),
(1, 29, 29),
(13, 30, 30);

-- 
-- Dumping data for table asuntos
--
INSERT INTO asuntos VALUES
(1, '2023-04-09', 1, 9),
(2, '2023-07-20', 1, 24),
(3, '2023-07-24', 1, 6),
(4, '2023-02-11', 1, 12),
(5, '2023-12-22', 1, 23),
(6, '2023-08-25', 1, 9),
(7, '2023-07-09', 1, 1),
(8, '2023-03-05', 1, 10),
(9, '2023-11-14', 1, 6),
(10, '2023-09-27', 1, 26),
(11, '2023-01-05', 1, 13),
(12, '2023-05-04', 1, 20),
(13, '2023-01-01', 1, 29),
(14, '2023-05-10', 1, 14),
(15, '2023-05-12', 1, 4),
(16, '2023-10-11', 1, 25),
(17, '2023-03-14', 1, 10),
(18, '2023-11-26', 1, 16),
(19, '2023-01-09', 1, 26),
(20, '2023-03-21', 1, 6),
(21, '2023-07-08', 1, 14),
(22, '2023-11-30', 1, 29),
(23, '2023-06-10', 1, 23),
(24, '2023-11-01', 1, 20),
(25, '2023-04-24', 1, 20),
(26, '2023-12-17', 1, 28),
(27, '2023-08-11', 1, 14),
(28, '2023-02-08', 1, 9),
(29, '2023-07-08', 1, 23),
(30, '2023-10-24', 1, 27);

-- 
-- Restore previous SQL mode
-- 
/*!40101 SET SQL_MODE=@OLD_SQL_MODE */;

-- 
-- Enable foreign keys
-- 
/*!40014 SET FOREIGN_KEY_CHECKS = @OLD_FOREIGN_KEY_CHECKS */;